Workbook
Name _Ref19613010: #REF!

Sheet Hours estimate
A1: Data Security Envisioning Workshop | I1: Data Security Check - Mandatory Scope
A2: Estimated partner effort | I2: Estimated partner effort - Mandatory Scope
F3: Delivery | N3: Delivery
B4: Pre-engagement call | F4: 1.5 | J4: =+'Version information'!$I$2 -> Step 1 | K4: =+'Version information'!$L$2 -> Kick-off meeting
B5: Data Security Check - default scope | F5: =+N40 -> 22.7 | K5: =+'Version information'!$K$2 -> Core Activities | N5: 1.5
B6: Present & discuss the Data Security Check findings | F6: 2 | K6: =+$A$45 -> Exchange Online | N6: =+F47 -> 0.5
B7: Microsoft Purview portfolio overview | F7: 2 | K7: =+$I$45 -> SharePoint Online | N7: =+N47 -> 0.5
B8: Recommendations and next steps | F8: 2 | G8: + | K8: =+$Q$45 -> Teams | N8: =+V47 -> 0.5
B9: Total Estimated partner effort | F9: =SUM(F4:F8) -> 30.2 | K9: =+$Y$45 -> Insider Risk Management | N9: =+AD47 -> 1
J10: =+'Version information'!$I$3 -> Step 2 | K10: =+'Version information'!$L$3 -> Acquire and assign licenses
K11: =+'Version information'!$K$3 -> Core Activities | N11: 0.5
A12: Data Security Envisioning Workshop - TO BE USED IN STATEMENT OF WORK | K12: =+$A$45 -> Exchange Online | N12: =+F48 -> 0
A13: Estimated partner effort | K13: =+$I$45 -> SharePoint Online | N13: =+N48 -> 0
F14: Delivery | K14: =+$Q$45 -> Teams | N14: =+V48 -> 0
B15: Pre-engagement call | F15: =+F4 -> 1.5 | K15: =+$Y$45 -> Insider Risk Management | N15: =+AD48 -> 0
B16: Data Security Check - default scope | F16: =+F5 -> 22.7 | J16: =+'Version information'!$I$4 -> Step 3 | K16: =+'Version information'!$L$4 -> Setup and Configuration
B17: Select included module. | F17: =VLOOKUP(B17,'Version information'!S2:T10,2,FALSE) -> x.x Hrs | K17: =+'Version information'!$K$4 -> Core Activities | N17: 1
B18: Present & discuss the Data Security Check findings | F18: =+F6 -> 2 | K18: =+$A$45 -> Exchange Online | N18: =+F49 -> 1
B19: Microsoft Purview portfolio overview | F19: =+F7 -> 2 | K19: =+$I$45 -> SharePoint Online | N19: =+N49 -> 1
B20: Recommendations and next steps | F20: =+F8 -> 2 | G20: + | K20: =+$Q$45 -> Teams | N20: =+V49 -> 1
B21: Total Estimated partner effort | F21: =SUM(F15:F20) -> 30.2 | K21: =+$Y$45 -> Insider Risk Management | N21: =+AD49 -> 2
J22: =+'Version information'!$I$5 -> Step 4 | K22: =+'Version information'!$L$5 -> Analyze the findings
K23: =+'Version information'!$K$5 -> Core Activities | N23: 0
K24: =+$A$45 -> Exchange Online | N24: =+F50 -> 1
K25: =+$I$45 -> SharePoint Online | N25: =+N50 -> 1
K26: =+$Q$45 -> Teams | N26: =+V50 -> 1
K27: =+$Y$45 -> Insider Risk Management | N27: =+AD50 -> 1.5
J28: =+'Version information'!$I$6 -> Step 5 | K28: =+'Version information'!$L$6 -> Report and recommendations write-up
K29: =+'Version information'!$K$6 -> Core Activities | N29: 1.5
K30: =+$A$45 -> Exchange Online | N30: =+F51 -> 1
K31: =+$I$45 -> SharePoint Online | N31: =+N51 -> 1
K32: =+$Q$45 -> Teams | N32: =+V51 -> 1
K33: =+$Y$45 -> Insider Risk Management | N33: =+AD51 -> 1
J34: =+'Version information'!$I$7 -> Step 6 | K34: =+'Version information'!$L$7 -> Decommision
K35: =+'Version information'!$K$7 -> Core Activities | N35: 0.2
K36: =+$A$45 -> Exchange Online | N36: =+F52 -> 0.5
K37: =+$I$45 -> SharePoint Online | N37: =+N52 -> 0.5
K38: =+$Q$45 -> Teams | N38: =+V52 -> 0.5
K39: =+$Y$45 -> Insider Risk Management | N39: =+AD52 -> 0.5 | O39: +
J40: Estimated effort | N40: =SUM(N4:N39) -> 22.7
A44: Data Security Check - MANDATORY MODULE | I44: Data Security Check - MANDATORY MODULE | Q44: Data Security Check - MANDATORY MODULE | Y44: Data Security Check - MANDATORY MODULE | AI44: Data Security Check - Optional Scope - overview for the Master Delivery guide
A45: Exchange Online | I45: SharePoint Online | Q45: Teams | Y45: Insider Risk Management | AI45: Estimated partner effort - Optional Scope
F46: Delivery | N46: Delivery | V46: Delivery | AD46: Delivery | AI46: =+$A$57 -> Compliance Manager | AN46: Delivery | AQ46: =+$Q$57 -> Windows endpoints | AV46: Delivery
B47: =+'Version information'!$I$2 -> Step 1 | C47: =+'Version information'!$J$2 -> Additional effort - Kick-off meeting | F47: 0.5 | J47: =+'Version information'!$I$2 -> Step 1 | K47: =+'Version information'!$J$2 -> Additional effort - Kick-off meeting | N47: 0.5 | R47: =+'Version information'!$I$2 -> Step 1 | S47: =+'Version information'!$J$2 -> Additional effort - Kick-off meeting | V47: 0.5 | Z47: =+'Version information'!$I$2 -> Step 1 | AA47: =+'Version information'!$J$2 -> Additional effort - Kick-off meeting | AD47: 1 | AJ47: =+'Version information'!$I$2 -> Step 1 | AK47: =+'Version information'!$L$2 -> Kick-off meeting | AR47: =+'Version information'!$I$2 -> Step 1 | AS47: =+'Version information'!$L$2 -> Kick-off meeting
B48: =+'Version information'!$I$3 -> Step 2 | C48: =+'Version information'!$J$3 -> Additional effort - Acquire and assign licenses | J48: =+'Version information'!$I$3 -> Step 2 | K48: =+'Version information'!$J$3 -> Additional effort - Acquire and assign licenses | R48: =+'Version information'!$I$3 -> Step 2 | S48: =+'Version information'!$J$3 -> Additional effort - Acquire and assign licenses | Z48: =+'Version information'!$I$3 -> Step 2 | AA48: =+'Version information'!$J$3 -> Additional effort - Acquire and assign licenses | AK48: =CONCATENATE('Version information'!O2,$A$57) -> Additional effort - Compliance Manager | AN48: =+F59 -> 0.5 | AS48: =CONCATENATE('Version information'!$O$2,$Q$57) -> Additional effort - Windows endpoints | AV48: =+V59 -> 1
B49: =+'Version information'!$I$4 -> Step 3 | C49: =+'Version information'!$J$4 -> Additional effort - Setup and Configuration | F49: 1 | J49: =+'Version information'!$I$4 -> Step 3 | K49: =+'Version information'!$J$4 -> Additional effort - Setup and Configuration | N49: 1 | R49: =+'Version information'!$I$4 -> Step 3 | S49: =+'Version information'!$J$4 -> Additional effort - Setup and Configuration | V49: 1 | Z49: =+'Version information'!$I$4 -> Step 3 | AA49: =+'Version information'!$J$4 -> Additional effort - Setup and Configuration | AD49: 2 | AJ49: =+'Version information'!$I$3 -> Step 2 | AK49: =+'Version information'!$L$3 -> Acquire and assign licenses | AR49: =+'Version information'!$I$3 -> Step 2 | AS49: =+'Version information'!$L$3 -> Acquire and assign licenses
B50: =+'Version information'!$I$5 -> Step 4 | C50: =+'Version information'!$J$5 -> Additional effort - Analyze the findings | F50: 1 | J50: =+'Version information'!$I$5 -> Step 4 | K50: =+'Version information'!$J$5 -> Additional effort - Analyze the findings | N50: 1 | R50: =+'Version information'!$I$5 -> Step 4 | S50: =+'Version information'!$J$5 -> Additional effort - Analyze the findings | V50: 1 | Z50: =+'Version information'!$I$5 -> Step 4 | AA50: =+'Version information'!$J$5 -> Additional effort - Analyze the findings | AD50: 1.5 | AK50: =CONCATENATE('Version information'!O2,$A$57) -> Additional effort - Compliance Manager | AN50: =+F60 -> 0 | AS50: =CONCATENATE('Version information'!$O$2,$Q$57) -> Additional effort - Windows endpoints | AV50: =+V60 -> 0
B51: =+'Version information'!$I$6 -> Step 5 | C51: =+'Version information'!$J$6 -> Additional effort - Report and recommendations write-up | F51: 1 | J51: =+'Version information'!$I$6 -> Step 5 | K51: =+'Version information'!$J$6 -> Additional effort - Report and recommendations write-up | N51: 1 | R51: =+'Version information'!$I$6 -> Step 5 | S51: =+'Version information'!$J$6 -> Additional effort - Report and recommendations write-up | V51: 1 | Z51: =+'Version information'!$I$6 -> Step 5 | AA51: =+'Version information'!$J$6 -> Additional effort - Report and recommendations write-up | AD51: 1 | AJ51: =+'Version information'!$I$4 -> Step 3 | AK51: =+'Version information'!$L$4 -> Setup and Configuration | AR51: =+'Version information'!$I$4 -> Step 3 | AS51: =+'Version information'!$L$4 -> Setup and Configuration
B52: =+'Version information'!$I$7 -> Step 6 | C52: =+'Version information'!$J$7 -> Additional effort - Decommision | F52: 0.5 | J52: =+'Version information'!$I$7 -> Step 6 | K52: =+'Version information'!$J$7 -> Additional effort - Decommision | N52: 0.5 | R52: =+'Version information'!$I$7 -> Step 6 | S52: =+'Version information'!$J$7 -> Additional effort - Decommision | V52: 0.5 | Z52: =+'Version information'!$I$7 -> Step 6 | AA52: =+'Version information'!$J$7 -> Additional effort - Decommision | AD52: 0.5 | AK52: =CONCATENATE('Version information'!O2,$A$57) -> Additional effort - Compliance Manager | AN52: =+F61 -> 1 | AS52: =CONCATENATE('Version information'!$O$2,$Q$57) -> Additional effort - Windows endpoints | AV52: =+V61 -> 4.5
G53: + | O53: + | W53: + | AE53: + | AJ53: =+'Version information'!$I$5 -> Step 4 | AK53: =+'Version information'!$L$5 -> Analyze the findings | AR53: =+'Version information'!$I$5 -> Step 4 | AS53: =+'Version information'!$L$5 -> Analyze the findings
B54: Estimated additional effort | F54: =SUM(F47:F53) -> 4 | J54: Estimated additional effort | N54: =SUM(N47:N53) -> 4 | R54: Estimated additional effort | V54: =SUM(V47:V53) -> 4 | Z54: Estimated additional effort | AD54: =SUM(AD47:AD53) -> 6 | AK54: =CONCATENATE('Version information'!O2,$A$57) -> Additional effort - Compliance Manager | AN54: =+F62 -> 1 | AS54: =CONCATENATE('Version information'!$O$2,$Q$57) -> Additional effort - Windows endpoints | AV54: =+V62 -> 1
AJ55: =+'Version information'!$I$6 -> Step 5 | AK55: =+'Version information'!$L$6 -> Report and recommendations write-up | AR55: =+'Version information'!$I$6 -> Step 5 | AS55: =+'Version information'!$L$6 -> Report and recommendations write-up
A56: Data Security Check - OPTIONAL MODULE | I56: Data Security Check - OPTIONAL MODULE | Q56: Data Security Check - OPTIONAL MODULE | Y56: Data Security Check - OPTIONAL MODULE | AK56: =CONCATENATE('Version information'!O2,$A$57) -> Additional effort - Compliance Manager | AN56: =+F63 -> 1 | AS56: =CONCATENATE('Version information'!$O$2,$Q$57) -> Additional effort - Windows endpoints | AV56: =+V63 -> 1
A57: Compliance Manager | I57: On-premises data scanner | Q57: Windows endpoints | Y57: Communication Compliance | AJ57: =+'Version information'!$I$7 -> Step 6 | AK57: =+'Version information'!$L$7 -> Decommision | AR57: =+'Version information'!$I$7 -> Step 6 | AS57: =+'Version information'!$L$7 -> Decommision
F58: Delivery | N58: Delivery | V58: Delivery | AD58: Delivery | AK58: =CONCATENATE('Version information'!O2,$A$57) -> Additional effort - Compliance Manager | AN58: =+F64 -> 0.5 | AS58: =CONCATENATE('Version information'!$O$2,$Q$57) -> Additional effort - Windows endpoints | AV58: =+V64 -> 0.5
B59: =+'Version information'!$I$2 -> Step 1 | C59: =+'Version information'!$J$2 -> Additional effort - Kick-off meeting | F59: 0.5 | J59: =+'Version information'!$I$2 -> Step 1 | K59: =+'Version information'!$J$2 -> Additional effort - Kick-off meeting | N59: 0.5 | R59: =+'Version information'!$I$2 -> Step 1 | S59: =+'Version information'!$J$2 -> Additional effort - Kick-off meeting | V59: 1 | Z59: =+'Version information'!$I$2 -> Step 1 | AA59: =+'Version information'!$J$2 -> Additional effort - Kick-off meeting | AD59: 0.5 | AO59: + | AW59: +
B60: =+'Version information'!$I$3 -> Step 2 | C60: =+'Version information'!$J$3 -> Additional effort - Acquire and assign licenses | J60: =+'Version information'!$I$3 -> Step 2 | K60: =+'Version information'!$J$3 -> Additional effort - Acquire and assign licenses | R60: =+'Version information'!$I$3 -> Step 2 | S60: =+'Version information'!$J$3 -> Additional effort - Acquire and assign licenses | Z60: =+'Version information'!$I$3 -> Step 2 | AA60: =+'Version information'!$J$3 -> Additional effort - Acquire and assign licenses | AD60: 0 | AJ60: =CONCATENATE("Estimated additional effort - ",A57) -> Estimated additional effort - Compliance Manager | AN60: =SUM(AN47:AN58) -> 4 | AR60: =CONCATENATE("Estimated additional effort - ",Q57) -> Estimated additional effort - Windows endpoints | AV60: =SUM(AV47:AV58) -> 8
B61: =+'Version information'!$I$4 -> Step 3 | C61: =+'Version information'!$J$4 -> Additional effort - Setup and Configuration | F61: 1 | J61: =+'Version information'!$I$4 -> Step 3 | K61: =+'Version information'!$J$4 -> Additional effort - Setup and Configuration | N61: 4 | R61: =+'Version information'!$I$4 -> Step 3 | S61: =+'Version information'!$J$4 -> Additional effort - Setup and Configuration | V61: 4.5 | Z61: =+'Version information'!$I$4 -> Step 3 | AA61: =+'Version information'!$J$4 -> Additional effort - Setup and Configuration | AD61: 1
B62: =+'Version information'!$I$5 -> Step 4 | C62: =+'Version information'!$J$5 -> Additional effort - Analyze the findings | F62: 1 | J62: =+'Version information'!$I$5 -> Step 4 | K62: =+'Version information'!$J$5 -> Additional effort - Analyze the findings | N62: 1.5 | R62: =+'Version information'!$I$5 -> Step 4 | S62: =+'Version information'!$J$5 -> Additional effort - Analyze the findings | V62: 1 | Z62: =+'Version information'!$I$5 -> Step 4 | AA62: =+'Version information'!$J$5 -> Additional effort - Analyze the findings | AD62: 1 | AI62: =+$I$57 -> On-premises data scanner | AN62: Delivery | AQ62: =+$Y$57 -> Communication Compliance | AV62: Delivery
B63: =+'Version information'!$I$6 -> Step 5 | C63: =+'Version information'!$J$6 -> Additional effort - Report and recommendations write-up | F63: 1 | J63: =+'Version information'!$I$6 -> Step 5 | K63: =+'Version information'!$J$6 -> Additional effort - Report and recommendations write-up | N63: 1.5 | R63: =+'Version information'!$I$6 -> Step 5 | S63: =+'Version information'!$J$6 -> Additional effort - Report and recommendations write-up | V63: 1 | Z63: =+'Version information'!$I$6 -> Step 5 | AA63: =+'Version information'!$J$6 -> Additional effort - Report and recommendations write-up | AD63: 1 | AJ63: =+'Version information'!$I$2 -> Step 1 | AK63: =+'Version information'!$L$2 -> Kick-off meeting | AR63: =+'Version information'!$I$2 -> Step 1 | AS63: =+'Version information'!$L$2 -> Kick-off meeting
B64: =+'Version information'!$I$7 -> Step 6 | C64: =+'Version information'!$J$7 -> Additional effort - Decommision | F64: 0.5 | J64: =+'Version information'!$I$7 -> Step 6 | K64: =+'Version information'!$J$7 -> Additional effort - Decommision | N64: 0.5 | R64: =+'Version information'!$I$7 -> Step 6 | S64: =+'Version information'!$J$7 -> Additional effort - Decommision | V64: 0.5 | Z64: =+'Version information'!$I$7 -> Step 6 | AA64: =+'Version information'!$J$7 -> Additional effort - Decommision | AD64: 0.5 | AK64: =CONCATENATE('Version information'!O2,$I$57) -> Additional effort - On-premises data scanner | AN64: =+N59 -> 0.5 | AS64: =CONCATENATE('Version information'!$O$2,$Y$57) -> Additional effort - Communication Compliance | AV64: =+AD59 -> 0.5
G65: + | O65: + | W65: + | AE65: + | AJ65: =+'Version information'!$I$3 -> Step 2 | AK65: =+'Version information'!$L$3 -> Acquire and assign licenses | AR65: =+'Version information'!$I$3 -> Step 2 | AS65: =+'Version information'!$L$3 -> Acquire and assign licenses
B66: Estimated additional effort | F66: =SUM(F59:F65) -> 4 | J66: Estimated additional effort | N66: =SUM(N59:N64) -> 8 | R66: Estimated additional effort | V66: =SUM(V59:V65) -> 8 | Z66: Estimated additional effort | AD66: =SUM(AD59:AD64) -> 4 | AK66: =CONCATENATE('Version information'!O2,$I$57) -> Additional effort - On-premises data scanner | AN66: =+N60 -> 0 | AS66: =CONCATENATE('Version information'!$O$2,$Y$57) -> Additional effort - Communication Compliance | AV66: =+AD60 -> 0
AJ67: =+'Version information'!$I$4 -> Step 3 | AK67: =+'Version information'!$L$4 -> Setup and Configuration | AR67: =+'Version information'!$I$4 -> Step 3 | AS67: =+'Version information'!$L$4 -> Setup and Configuration
A68: Data Security Check - OPTIONAL MODULE | AK68: =CONCATENATE('Version information'!O2,$I$57) -> Additional effort - On-premises data scanner | AN68: =+N61 -> 4 | AS68: =CONCATENATE('Version information'!$O$2,$Y$57) -> Additional effort - Communication Compliance | AV68: =+AD61 -> 1
A69: Data security for AI | AJ69: =+'Version information'!$I$5 -> Step 4 | AK69: =+'Version information'!$L$5 -> Analyze the findings | AR69: =+'Version information'!$I$5 -> Step 4 | AS69: =+'Version information'!$L$5 -> Analyze the findings
F70: Delivery | AK70: =CONCATENATE('Version information'!O2,$I$57) -> Additional effort - On-premises data scanner | AN70: =+N62 -> 1.5 | AS70: =CONCATENATE('Version information'!$O$2,$Y$57) -> Additional effort - Communication Compliance | AV70: =+AD62 -> 1
B71: =+'Version information'!$I$2 -> Step 1 | C71: =+'Version information'!$J$2 -> Additional effort - Kick-off meeting | F71: 1 | AJ71: =+'Version information'!$I$6 -> Step 5 | AK71: =+'Version information'!$L$6 -> Report and recommendations write-up | AR71: =+'Version information'!$I$6 -> Step 5 | AS71: =+'Version information'!$L$6 -> Report and recommendations write-up
B72: =+'Version information'!$I$3 -> Step 2 | C72: =+'Version information'!$J$3 -> Additional effort - Acquire and assign licenses | F72: 0 | AK72: =CONCATENATE('Version information'!O2,$I$57) -> Additional effort - On-premises data scanner | AN72: =+N63 -> 1.5 | AS72: =CONCATENATE('Version information'!$O$2,$Y$57) -> Additional effort - Communication Compliance | AV72: =+AD63 -> 1
B73: =+'Version information'!$I$4 -> Step 3 | C73: =+'Version information'!$J$4 -> Additional effort - Setup and Configuration | F73: 4.5 | AJ73: =+'Version information'!$I$7 -> Step 6 | AK73: =+'Version information'!$L$7 -> Decommision | AR73: =+'Version information'!$I$7 -> Step 6 | AS73: =+'Version information'!$L$7 -> Decommision
B74: =+'Version information'!$I$5 -> Step 4 | C74: =+'Version information'!$J$5 -> Additional effort - Analyze the findings | F74: 1 | AK74: =CONCATENATE('Version information'!O2,$I$57) -> Additional effort - On-premises data scanner | AN74: =+N64 -> 0.5 | AS74: =CONCATENATE('Version information'!$O$2,$Y$57) -> Additional effort - Communication Compliance | AV74: =+AD64 -> 0.5
B75: =+'Version information'!$I$6 -> Step 5 | C75: =+'Version information'!$J$6 -> Additional effort - Report and recommendations write-up | F75: 1 | AO75: + | AW75: +
B76: =+'Version information'!$I$7 -> Step 6 | C76: =+'Version information'!$J$7 -> Additional effort - Decommision | F76: 0.5 | AJ76: =CONCATENATE("Estimated additional effort - ",I57) -> Estimated additional effort - On-premises data scanner | AN76: =SUM(AN63:AN74) -> 8 | AR76: =CONCATENATE("Estimated additional effort - ",Y57) -> Estimated additional effort - Communication Compliance | AV76: =SUM(AV63:AV74) -> 4
G77: +
B78: Estimated additional effort | F78: =SUM(F71:F76) -> 8 | AI78: =+$A$69 -> Data security for AI | AN78: Delivery
AJ79: =+'Version information'!$I$2 -> Step 1 | AK79: =+'Version information'!$L$2 -> Kick-off meeting
AK80: =CONCATENATE('Version information'!O34,$A$69) -> Data security for AI | AN80: =+F71 -> 1
AJ81: =+'Version information'!$I$3 -> Step 2 | AK81: =+'Version information'!$L$3 -> Acquire and assign licenses
AK82: =CONCATENATE('Version information'!O34,$A$69) -> Data security for AI | AN82: =+F72 -> 0
AJ83: =+'Version information'!$I$4 -> Step 3 | AK83: =+'Version information'!$L$4 -> Setup and Configuration
AK84: =CONCATENATE('Version information'!O34,$A$69) -> Data security for AI | AN84: =+F73 -> 4.5
AJ85: =+'Version information'!$I$5 -> Step 4 | AK85: =+'Version information'!$L$5 -> Analyze the findings
AK86: =CONCATENATE('Version information'!O34,$A$69) -> Data security for AI | AN86: =+F74 -> 1
AJ87: =+'Version information'!$I$6 -> Step 5 | AK87: =+'Version information'!$L$6 -> Report and recommendations write-up
AK88: =CONCATENATE('Version information'!O34,$A$69) -> Data security for AI | AN88: =+F75 -> 1
AJ89: =+'Version information'!$I$7 -> Step 6 | AK89: =+'Version information'!$L$7 -> Decommision
AK90: =CONCATENATE('Version information'!O34,$A$69) -> Data security for AI | AN90: =+F76 -> 0.5
AO91: +
AJ92: =CONCATENATE("Estimated additional effort - ",A69) -> Estimated additional effort - Data security for AI | AN92: =SUM(AN79:AN90) -> 8

Sheet Version information
A1: Version | B1: Date | C1: Author | D1: Changes | I1: Steps and step names | S1: Module | T1: Hours
A2: 1.0 | B2: November 2019 | C2: François van Hemert | D2: First published v1 release | I2: Step 1 | J2: Additional effort - Kick-off meeting | K2: Core Activities | L2: Kick-off meeting | M2: Estimated additional effort for preparation | O2: Additional effort - | S2: Select included module. | T2: x.x Hrs
A3: 2.0 | B3: June 2020 | C3: François van Hemert | D3: First published v2 release | I3: Step 2 | J3: Additional effort - Acquire and assign licenses | K3: Core Activities | L3: Acquire and assign licenses | M3: Estimated additional effort for delivery | S3: =+'Hours estimate'!A57 -> Compliance Manager | T3: =+'Hours estimate'!F66 -> 4
A4: 2.1 | B4: 44136 | C4: François van Hemert | D4: Maintenance release, minor updates. | I4: Step 3 | J4: Additional effort - Setup and Configuration | K4: Core Activities | L4: Setup and Configuration | M4: Estimated total effort | S4: =+'Hours estimate'!I57 -> On-premises data scanner | T4: =+'Hours estimate'!N66 -> 8
A5: 3.0 | B5: January 2021 | C5: François van Hemert | D5: Modular release, added Compliance Manager, removed CIE | I5: Step 4 | J5: Additional effort - Analyze the findings | K5: Core Activities | L5: Analyze the findings | S5: =+'Hours estimate'!Q57 -> Windows endpoints | T5: =+'Hours estimate'!V66 -> 8
A6: 3.1 | B6: February 2021 | C6: François van Hemert | D6: Added Teams Data Loss Prevention as optional module | I6: Step 5 | J6: Additional effort - Report and recommendations write-up | K6: Core Activities | L6: Report and recommendations write-up | S6: =+'Hours estimate'!Y57 -> Communication Compliance | T6: =+'Hours estimate'!AD66 -> 4
A7: 4.0 | B7: June 2021 | C7: François van Hemert | D7: Workshop split, update to align with new narrative, rebranding, updates to guidance and organized around data repositories. | I7: Step 6 | J7: Additional effort - Decommision | K7: Core Activities | L7: Decommision | S7: Purview for AI | T7: =+'Hours estimate'!F78 -> 8
A8: 4.1 | B8: October 2021 | C8: François van Hemert | D8: Update with Compliance Manager Premium Assessments
A9: 4.2 | B9: 44743 | C9: François van Hemert | D9: Purview branding update, step-by-step guidance update to align with changes M365
A10: 4,2,2 | B10: 44927 | C10: François van Hemert | D10: Updated version number to align with kit, no content updates
A11: 6.0 | B11: 45139 | C11: François van Hemert | D11: Workshop merge, align with FY24 solution play.
A12: 6.5 | B12: Juli 2024 | C12: François van Hemert | D12: Update step guidance, align with FY25 solution play
A13: 6.6 | B13: 45566 | C13: François van Hemert | D13: Version number update for alignment, no content changes
A14: 7.0 | B14: 45658 | C14: François van Hemert | D14: Added Data security for generative AI module
A15: 7.1 | B15: 45778 | C15: François van Hemert | D15: Version number update, no further changes
A16: 8.0 | B16: Juli 2025 | C16: François van Hemert | D16: Update to align with current product features and functionality (evergreen), update name, update branding.
A17: 8.5 | B17: 46023 | C17: François van Hemert | D17: Version number update, no further changes
